{
    "WSS":[
        0.026679279489578933,
        0.002686660698548745,
        0.07725677093711322,
        0.8933933197080369
    ],
    "Eloss":[
        0.015770731199574586,
        0.004355065376041616,
        0.019622004104524794,
        0.9601977118210814
    ],
    "Ekin":[
        0.013358567965167411,
        0.0042350543487091295,
        0.022290444881961802,
        0.960058753589931
    ],
    "TVPG":[
        0.000505416916036792,
        0.001891833506512448,
        0.007443362834977077,
        0.9900793917122522
    ],
    "wss-1":[
        0.01930908914485021,
        0.048646984764606334,
        0.2508746391938034,
        0.681684254493965
    ],
    "wss-2":[
        0.0010965740685716123,
        0.6969031536514775,
        0.059104229447544857,
        0.24164889836252412
    ],
    "wss-3":[
        0.0017665314604700182,
        0.7186309166816363,
        0.015362032050980457,
        0.26291873815323463
    ],
    "wss-4":[
        0.0008313281082231537,
        0.09676079117199753,
        0.05276687351943568,
        0.8504786695050238
    ],
    "wss-5":[
        0.04542044453144935,
        0.018016643871706595,
        0.136320395257529,
        0.8000812457055329
    ],
    "wss-6":[
        0.04971546393435966,
        0.002335524733828376,
        0.14559841126173806,
        0.8024100686704015
    ],
    "wss-7":[
        0.036876203479766605,
        5.7323749588964995e-05,
        0.08679658076284523,
        0.8764167867374012
    ],
    "wss-8":[
        0.060002964358508964,
        6.101318911616611e-05,
        0.21902486233753699,
        0.7210758840527031
    ],
    "wss-9":[
        0.0356371046919724,
        0.00027896028073169107,
        0.37597971861157264,
        0.5882893783041669
    ],
    "wss-10":[
        0.0002014230338109034,
        0.040033169675749866,
        0.00028409891512568773,
        0.9600331517600741
    ],
    "wss-11":[
        0.003712235778043046,
        0.0003593155696001529,
        0.3259655263120591,
        0.6701157965167022
    ],
    "wss-12":[
        0.0231607045019143,
        0.010191339369922094,
        0.4891292254842815,
        0.4774525229249413
    ],
    "wss-13":[
        0.005825156862963936,
        0.0004894721158521013,
        0.06976877377258056,
        0.9239159817789361
    ],
    "wss-14":[
        0.052352296560591254,
        0.00110984873243667,
        0.06966636517656764,
        0.8769698852461116
    ],
    "wss-15":[
        0.0005167192516636514,
        0.002368114426871301,
        0.0341863172817595,
        0.9630575385525101
    ],
    "wss-16":[
        0.0059980292442581625,
        0.02234353918941595,
        0.13523856606439336,
        0.8361490269272344
    ],
    "wss-17":[
        0.0032483172161738762,
        0.0012740275789749254,
        0.01794375969769593,
        0.9776880305137617
    ]
}